序号,学科,代码
1,ACOUSTICS 声学,AA
2,AGRICULTURAL ECONOMICS & POLICY 农业经济与政策,AF
3,AGRICULTURAL ENGINEERING 农业工程,AE
4,"AGRICULTURE, DAIRY & ANIMAL SCIENCE 奶制品与动物科学",AD
5,"AGRICULTURE, MULTIDISCIPLINARY 农业综合",AH
6,AGRONOMY 农艺学,AM
7,ALLERGY 过敏,AQ
8,ANATOMY & MORPHOLOGY 解剖学与形态学,AY
9,ANDROLOGY 男科学,AZ
10,ANESTHESIOLOGY 麻醉学,BA
11,ANTHROPOLOGY 人类学,BF
12,ARCHAEOLOGY 考古学,BI
13,ARCHITECTURE 建筑学,BK
14,AREA STUDIES 地域研究,BM
15,ART 艺术,BP
16,ASIAN STUDIES 亚洲研究,OR
17,ASTRONOMY & ASTROPHYSICS 天文与天体物理,BU
18,AUDIOLOGY & SPEECH-LANGUAGE PATHOLOGY 听力学与言语病理学,CL
19,AUTOMATION & CONTROL SYSTEMS 自动化与控制系统,AC
20,BEHAVIORAL SCIENCES 行为科学,CN
21,BIOCHEMICAL RESEARCH METHODS 生化研究方法,CO
22,BIOCHEMISTRY & MOLECULAR BIOLOGY 生化与分子生物学,CQ
23,BIODIVERSITY CONSERVATION 生物多样性保护,BD
24,BIOLOGY 生物学,CU
25,BIOPHYSICS 生物物理,DA
26,BIOTECHNOLOGY & APPLIED MICROBIOLOGY 生物工程与应用微生物,DB
27,BUSINESS 商业：管理,DI
28,"BUSINESS, FINANCE 商业：财政与金融",DK
29,CARDIAC & CARDIOVASCULAR SYSTEMS 心脏和心血管系统,DQ
30,CELL & TISSUE ENGINEERING 细胞与组织工程,CT
31,CELL BIOLOGY 细胞生物学,DR
32,"CHEMISTRY, ANALYTICAL 分析化学",EA
33,"CHEMISTRY, APPLIED 应用化学",DW
34,"CHEMISTRY, INORGANIC & NUCLEAR 无机化学与核化学",EC
35,"CHEMISTRY, MEDICINAL 药物化学",DX
36,"CHEMISTRY, MULTIDISCIPLINARY 化学：综合",DY
37,"CHEMISTRY, ORGANIC 有机化学",EE
38,"CHEMISTRY, PHYSICAL 物理化学",EI
39,CLASSICS 古典文学,EO
40,CLINICAL NEUROLOGY 临床神经病学,RT
41,COMMUNICATION 传播学,EU
42,"COMPUTER SCIENCE, ARTIFICIAL INTELLIGENCE 计算机：人工智能",EP
43,"COMPUTER SCIENCE, CYBERNETICS 计算机：控制论",ER
44,"COMPUTER SCIENCE, HARDWARE & ARCHITECTURE 计算机：硬件",ES
45,"COMPUTER SCIENCE, INFORMATION SYSTEMS 计算机：信息系统",ET
46,"COMPUTER SCIENCE, INTERDISCIPLINARY APPLICATIONS 计算机：跨学科应用",EV
47,"COMPUTER SCIENCE, SOFTWARE ENGINEERING 计算机：软件工程",EW
48,"COMPUTER SCIENCE, THEORY & METHODS 计算机：理论方法",EX
49,CONSTRUCTION & BUILDING TECHNOLOGY 结构与建筑技术,FA
50,CRIMINOLOGY & PENOLOGY 犯罪学与刑罚学,FE
51,CRITICAL CARE MEDICINE 危重病医学,DS
52,CRYSTALLOGRAPHY 晶体学,FI
53,CULTURAL STUDIES 文化研究,EN
54,DANCE 舞蹈,FS
55,DEMOGRAPHY 人口学,FU
56,"DENTISTRY, ORAL SURGERY & MEDICINE 牙科与口腔外科",FY
57,DERMATOLOGY 皮肤病学,GA
58,DEVELOPMENT STUDIES 发展研究,DP
59,DEVELOPMENTAL BIOLOGY 发育生物学,HY
60,ECOLOGY 生态学,GU
61,ECONOMICS 经济学,GY
62,EDUCATION & EDUCATIONAL RESEARCH 教育学和教育研究,HA
63,"EDUCATION, SCIENTIFIC DISCIPLINES 学科教育",HB
64,"EDUCATION, SPECIAL 特殊教育学",HE
65,ELECTROCHEMISTRY 电化学,HQ
66,EMERGENCY MEDICINE 急救医学,FF
67,ENDOCRINOLOGY & METABOLISM 内分泌学与代谢,IA
68,ENERGY & FUELS 能源与燃料,ID
69,"ENGINEERING, AEROSPACE 工程：宇航",AI
70,"ENGINEERING, BIOMEDICAL 工程：生物医学",IG
71,"ENGINEERING, CHEMICAL 工程：化工",II
72,"ENGINEERING, CIVIL 工程：土木",IM
73,"ENGINEERING, ELECTRICAL & ELECTRONIC 工程：电子与电气",IQ
74,"ENGINEERING, ENVIRONMENTAL 工程：环境",IH
75,"ENGINEERING, GEOLOGICAL 工程：地质",IX
76,"ENGINEERING, INDUSTRIAL 工程：工业",IJ
77,"ENGINEERING, MANUFACTURING 工程：制造",IK
78,"ENGINEERING, MARINE 工程：海洋",IL
79,"ENGINEERING, MECHANICAL 工程：机械",IU
80,"ENGINEERING, MULTIDISCIPLINARY 工程：综合",IF
81,"ENGINEERING, OCEAN 工程：大洋",IO
82,"ENGINEERING, PETROLEUM 工程：石油",IP
83,ENTOMOLOGY 昆虫学,IY
84,ENVIRONMENTAL SCIENCES 环境科学,JA
85,ENVIRONMENTAL STUDIES 环境研究,JB
86,ERGONOMICS 人体工程学,JI
87,ETHICS 伦理学,HF
88,ETHNIC STUDIES 民族研究,JM
89,EVOLUTIONARY BIOLOGY 进化生物学,HT
90,FAMILY STUDIES 家庭研究,JO
91,"FILM, RADIO, TELEVISION 电影、广播、电视",JS
92,FISHERIES 渔业,JU
93,FOLKLORE 民俗学,JW
94,FOOD SCIENCE & TECHNOLOGY 食品科技,JY
95,FORESTRY 林学,KA
96,GASTROENTEROLOGY & HEPATOLOGY 胃肠肝病学,KI
97,GENETICS & HEREDITY 遗传学,KM
98,GEOCHEMISTRY & GEOPHYSICS 地球化学与地球物理,GC
99,GEOGRAPHY 地理学,KU
100,"GEOGRAPHY, PHYSICAL 自然地理",KV
101,GEOLOGY 地质学,KY
102,"GEOSCIENCES, MULTIDISCIPLINARY 地球科学：综合",LE
103,GERIATRICS & GERONTOLOGY 老年医学,LI
104,GERONTOLOGY 老年医学（社科）,LJ
105,GREEN & SUSTAINABLE SCIENCE & TECHNOLOGY 绿色可持续发展技术,GS
106,HEALTH CARE SCIENCES & SERVICES 卫生保健与服务,HL
107,HEALTH POLICY & SERVICES 卫生政策与服务,LQ
108,HEMATOLOGY 血液学,MA
109,HISTORY & PHILOSOPHY OF SCIENCE 科学史与科学哲学,MQ
110,HISTORY OF SOCIAL SCIENCES 社会科学史,MR
111,HISTORY 历史学,MM
112,HORTICULTURE 园艺,MU
113,"HOSPITALITY, LEISURE, SPORT & TOURISM 酒店、休闲、体育与旅游",MW
114,"HUMANITIES, MULTIDISCIPLINARY 人文科学",BQ
115,IMAGING SCIENCE & PHOTOGRAPHIC TECHNOLOGY 成像科学与照相技术,UE
116,IMMUNOLOGY 免疫学,NI
117,INDUSTRIAL RELATIONS & LABOR 劳动关系学,NM
118,INFECTIOUS DISEASES 传染病学,NN
119,INFORMATION SCIENCE & LIBRARY SCIENCE 图书情报与档案管理,NU
120,INSTRUMENTS & INSTRUMENTATION 仪器仪表,OA
121,INTEGRATIVE & COMPLEMENTARY MEDICINE 全科医学与补充医学,OI
122,INTERNATIONAL RELATIONS 国际关系学,OE
123,LANGUAGE & LINGUISTICS 语言与语言学,OY
124,LAW 法学,OM
125,LIMNOLOGY 湖沼学,OU
126,LINGUISTICS 语言学,OT
127,LITERARY REVIEWS 文学评论,OZ
128,LITERARY THEORY & CRITICISM 文学理论与文艺批评,OX
129,LITERATURE 其他形式的文学,PA
130,"LITERATURE, AFRICAN, AUSTRALIAN, CANADIAN 英联邦文学",PD
131,"LITERATURE, AMERICAN 美国文学",PF
132,"LITERATURE, BRITISH ISLES 英国文学",PG
133,"LITERATURE, GERMAN, DUTCH, SCANDINAVIAN 日耳曼语系文学",PH
134,"LITERATURE, ROMANCE 罗曼语系文学",QC
135,"LITERATURE, SLAVIC 斯拉夫语系文学",QD
136,LOGIC 逻辑学,QL
137,MANAGEMENT 管理学,PC
138,MARINE & FRESHWATER BIOLOGY 海洋与淡水生物学,PI
139,"MATERIALS SCIENCE, BIOMATERIALS 材料科学：生物材料",QE
140,"MATERIALS SCIENCE, CERAMICS 材料科学：硅酸盐",PK
141,"MATERIALS SCIENCE, CHARACTERIZATION & TESTING 材料科学：表征与测试",QF
142,"MATERIALS SCIENCE, COATINGS & FILMS 材料科学：膜",QG
143,"MATERIALS SCIENCE, COMPOSITES 材料科学：复合",QH
144,"MATERIALS SCIENCE, MULTIDISCIPLINARY 材料科学：综合",PM
145,"MATERIALS SCIENCE, PAPER & WOOD 材料科学：纸与木材",PJ
146,"MATERIALS SCIENCE, TEXTILES 材料科学：纺织",QJ
147,MATHEMATICAL & COMPUTATIONAL BIOLOGY 数学与计算生物学,MC
148,MATHEMATICS 数学,PQ
149,"MATHEMATICS, APPLIED 应用数学",PN
150,"MATHEMATICS, INTERDISCIPLINARY APPLICATIONS 数学跨学科应用",PO
151,MECHANICS 力学,PU
152,MEDICAL ETHICS 医学：伦理,OO
153,MEDICAL INFORMATICS 医学：信息,PT
154,MEDICAL LABORATORY TECHNOLOGY 医学实验技术,PW
155,"MEDICINE, GENERAL & INTERNAL 医学：内科",PY
156,"MEDICINE, LEGAL 医学：法",OP
157,"MEDICINE, RESEARCH & EXPERIMENTAL 医学：研究与实验",QA
158,MEDIEVAL & RENAISSANCE STUDIES 中世纪与文艺复兴研究,QK
159,METALLURGY & METALLURGICAL ENGINEERING 冶金工程,PZ
160,METEOROLOGY & ATMOSPHERIC SCIENCES 气象与大气科学,QQ
161,MICROBIOLOGY 微生物学,QU
162,MICROSCOPY 显微镜技术,RA
163,MINERALOGY 矿物学,RE
164,MINING & MINERAL PROCESSING 矿业与矿物加工,ZQ
165,MULTIDISCIPLINARY SCIENCES 综合性期刊,RO
166,MUSIC 音乐,RP
167,MYCOLOGY 真菌学,RQ
168,NANOSCIENCE & NANOTECHNOLOGY 纳米科技,NS
169,NEUROIMAGING 神经成像,RX
170,NEUROSCIENCES 神经科学,RU
171,NUCLEAR SCIENCE & TECHNOLOGY 核科学技术,RY
172,NURSING 护理,RZ
173,NUTRITION & DIETETICS 营养学,SA
174,OBSTETRICS & GYNECOLOGY 妇产科学,SD
175,OCEANOGRAPHY 海洋学,SI
176,ONCOLOGY 肿瘤学,DM
177,OPERATIONS RESEARCH & MANAGEMENT SCIENCE 运筹学与管理科学,PE
178,OPHTHALMOLOGY 眼科学,SU
179,OPTICS 光学,SY
180,ORNITHOLOGY 鸟类学,TA
181,ORTHOPEDICS 骨科,TC
182,OTORHINOLARYNGOLOGY 耳鼻喉科学,TD
183,PALEONTOLOGY 古生物学,TE
184,PARASITOLOGY 寄生虫学,TI
185,PATHOLOGY 病理学,TM
186,PEDIATRICS 儿科,TQ
187,PERIPHERAL VASCULAR DISEASE 外周血管病,ZD
188,PHARMACOLOGY & PHARMACY 药学,TU
189,PHILOSOPHY 哲学,UA
190,"PHYSICS, APPLIED 物理：应用",UB
191,"PHYSICS, ATOMIC, MOLECULAR & CHEMICAL 物理：原子、分子和化学物理",UH
192,"PHYSICS, CONDENSED MATTER 物理：凝聚态物理",UK
193,"PHYSICS, FLUIDS & PLASMAS 物理：流体与等离子体",UF
194,"PHYSICS, MATHEMATICAL 物理：数学物理",UR
195,"PHYSICS, MULTIDISCIPLINARY 物理：综合",UI
196,"PHYSICS, NUCLEAR 物理：核物理",UN
197,"PHYSICS, PARTICLES & FIELDS 物理：粒子与场物理",UP
198,PHYSIOLOGY 生理学,UM
199,PLANT SCIENCES 植物科学,DE
200,POETRY 诗歌,UT
201,POLITICAL SCIENCE 政治学,UU
202,POLYMER SCIENCE 高分子科学,UY
203,PRIMARY HEALTH CARE 初级卫生保健,ML
204,PSYCHIATRY 精神病学,VE
205,PSYCHOLOGY 心理学,VI
206,"PSYCHOLOGY, APPLIED 心理学：应用",NQ
207,"PSYCHOLOGY, BIOLOGICAL 心理学：生物",BV
208,"PSYCHOLOGY, CLINICAL 心理学：临床",EQ
209,"PSYCHOLOGY, DEVELOPMENTAL 心理学：发育",MY
210,"PSYCHOLOGY, EDUCATIONAL 心理学：教育",HI
211,"PSYCHOLOGY, EXPERIMENTAL 心理学：实验",VX
212,"PSYCHOLOGY, MATHEMATICAL 心理学：数学",VS
213,"PSYCHOLOGY, MULTIDISCIPLINARY 心理学：综合",VJ
214,"PSYCHOLOGY, PSYCHOANALYSIS 心理学：分析",VP
215,"PSYCHOLOGY, SOCIAL 心理学：社会",WQ
216,PUBLIC ADMINISTRATION 公共管理,VM
217,"PUBLIC, ENVIRONMENTAL & OCCUPATIONAL HEALTH 公共卫生、环境卫生与职业卫生",NE
218,QUANTUM SCIENCE & TECHNOLOGY 量子科技,QS
219,"RADIOLOGY, NUCLEAR MEDICINE & MEDICAL IMAGING 核医学",VY
220,REGIONAL & URBAN PLANNING 区域与城市规划,UQ
221,REHABILITATION 康复医学,WC
222,RELIGION 宗教,YI
223,REMOTE SENSING 遥感,SR
224,REPRODUCTIVE BIOLOGY 生殖生物学,WF
225,RESPIRATORY SYSTEM 呼吸系统,WE
226,RHEUMATOLOGY 风湿病学,WH
227,ROBOTICS 机器人学,RB
228,SOCIAL ISSUES 社会问题,WM
229,"SOCIAL SCIENCES, BIOMEDICAL 社会科学：生物医学",WV
230,"SOCIAL SCIENCES, INTERDISCIPLINARY 社会科学：跨领域",WU
231,"SOCIAL SCIENCES, MATHEMATICAL METHODS 社会科学：数理方法",PS
232,SOCIAL WORK 社会工作,WY
233,SOCIOLOGY 社会学,XA
234,SOIL SCIENCE 土壤科学,XE
235,SPECTROSCOPY 光谱学,XQ
236,SPORT SCIENCES 运动科学,XW
237,STATISTICS & PROBABILITY 统计学与概率论,XY
238,SUBSTANCE ABUSE 药物滥用,GM
239,SURGERY 外科,YA
240,TELECOMMUNICATIONS 电信学,YE
241,THEATER 戏剧,YG
242,THERMODYNAMICS 热力学,DT
243,TOXICOLOGY 毒理学,YO
244,TRANSPLANTATION 移植,YP
245,TRANSPORTATION SCIENCE & TECHNOLOGY 运输科技,YR
246,TRANSPORTATION 交通运输,YQ
247,TROPICAL MEDICINE 热带医学,YU
248,URBAN STUDIES 城市研究,YY
249,UROLOGY & NEPHROLOGY 泌尿学与肾脏学,ZA
250,VETERINARY SCIENCES 兽医学,ZC
251,VIROLOGY 病毒学,ZE
252,WATER RESOURCES 水资源,ZR
253,WOMENS STUDIES 女性研究,ZK
254,ZOOLOGY 动物学,ZM
